insert into Patients (patient_id, first_name, last_name, dob, gender, contact_number, email, address, created_at) values (1, 'Benjamen', 'Gover', '6/26/2005', 'Male', '422-633-5847', 'bgover0@cyberchimps.com', '60 Menomonie Road', '2023-03-03 16:06:59');
insert into Patients (patient_id, first_name, last_name, dob, gender, contact_number, email, address, created_at) values (2, 'Garrott', 'Regardsoe', '5/26/2000', 'Male', '614-361-5055', 'gregardsoe1@techcrunch.com', '91641 Fordem Lane', '2023-03-20 21:32:13');
insert into Patients (patient_id, first_name, last_name, dob, gender, contact_number, email, address, created_at) values (3, 'Fanny', 'Gibbetts', '11/2/1955', 'Polygender', '804-660-8736', 'fgibbetts2@msn.com', '67 Corscot Hill', '2024-06-17 23:01:43');
insert into Patients (patient_id, first_name, last_name, dob, gender, contact_number, email, address, created_at) values (4, 'Eddie', 'Risbie', '12/23/1946', 'Female', '919-107-6956', 'erisbie3@posterous.com', '25367 Bayside Park', '2023-04-26 17:52:09');
insert into Patients (patient_id, first_name, last_name, dob, gender, contact_number, email, address, created_at) values (5, 'Horatia', 'Husband', '4/7/1981', 'Female', '718-754-8990', 'hhusband4@free.fr', '9973 Calypso Court', '2023-02-10 11:07:40');
insert into Patients (patient_id, first_name, last_name, dob, gender, contact_number, email, address, created_at) values (6, 'Tod', 'Scarsbrick', '7/6/1985', 'Male', '856-672-2350', 'tscarsbrick5@bloglines.com', '73654 Westridge Road', '2023-10-28 07:20:20');
insert into Patients (patient_id, first_name, last_name, dob, gender, contact_number, email, address, created_at) values (7, 'Van', 'Gemmill', '4/28/1951', 'Male', '589-367-2658', 'vgemmill6@instagram.com', '7 Manufacturers Point', '2024-06-02 00:19:18');
insert into Patients (patient_id, first_name, last_name, dob, gender, contact_number, email, address, created_at) values (8, 'Idaline', 'Soper', '5/28/2001', 'Female', '817-633-2317', 'isoper7@toplist.cz', '629 Clyde Gallagher Hill', '2024-03-16 08:01:27');
insert into Patients (patient_id, first_name, last_name, dob, gender, contact_number, email, address, created_at) values (9, 'Benyamin', 'Beetlestone', '1/22/1953', 'Male', '954-521-3598', 'bbeetlestone8@booking.com', '229 Golden Leaf Place', '2023-12-26 15:09:26');
insert into Patients (patient_id, first_name, last_name, dob, gender, contact_number, email, address, created_at) values (10, 'Jerrilee', 'Farnfield', '8/13/1958', 'Female', '624-685-6684', 'jfarnfield9@myspace.com', '47 Fallview Way', '2023-02-15 11:18:19');
insert into Patients (patient_id, first_name, last_name, dob, gender, contact_number, email, address, created_at) values (11, 'Pattin', 'Pelham', '3/13/2002', 'Male', '769-401-2189', 'ppelhama@nbcnews.com', '35 Mayfield Center', '2024-08-31 18:48:13');
insert into Patients (patient_id, first_name, last_name, dob, gender, contact_number, email, address, created_at) values (12, 'Clarke', 'Lobe', '4/2/1969', 'Male', '707-627-1141', 'clobeb@comsenz.com', '8 Iowa Crossing', '2023-02-28 22:11:43');
insert into Patients (patient_id, first_name, last_name, dob, gender, contact_number, email, address, created_at) values (13, 'Corinna', 'Berthomieu', '1/10/1982', 'Female', '344-528-9650', 'cberthomieuc@intel.com', '572 Tennessee Park', '2024-07-05 22:03:04');
insert into Patients (patient_id, first_name, last_name, dob, gender, contact_number, email, address, created_at) values (14, 'Normie', 'Tutton', '7/28/1966', 'Male', '575-524-2885', 'ntuttond@squidoo.com', '8730 Dwight Road', '2023-01-10 12:05:02');
insert into Patients (patient_id, first_name, last_name, dob, gender, contact_number, email, address, created_at) values (15, 'Jayson', 'Karlolak', '6/26/1979', 'Male', '790-571-8265', 'jkarlolake@amazon.de', '26665 Sloan Crossing', '2023-01-19 14:20:44');
insert into Patients (patient_id, first_name, last_name, dob, gender, contact_number, email, address, created_at) values (16, 'Charlie', 'Philipeau', '2/6/1965', 'Male', '203-471-2234', 'cphilipeauf@thetimes.co.uk', '708 Superior Terrace', '2024-01-07 20:42:50');
insert into Patients (patient_id, first_name, last_name, dob, gender, contact_number, email, address, created_at) values (17, 'Cecelia', 'Novotni', '3/27/1992', 'Female', '937-800-9197', 'cnovotnig@cnn.com', '5 Boyd Parkway', '2023-05-31 04:35:44');
insert into Patients (patient_id, first_name, last_name, dob, gender, contact_number, email, address, created_at) values (18, 'Theodore', 'Brand-Hardy', '1/30/1965', 'Male', '853-206-9784', 'tbrandhardyh@state.gov', '0 Miller Alley', '2023-01-22 03:21:35');
insert into Patients (patient_id, first_name, last_name, dob, gender, contact_number, email, address, created_at) values (19, 'Novelia', 'Messruther', '7/29/1957', 'Female', '245-618-7432', 'nmessrutheri@ustream.tv', '738 Hooker Way', '2023-07-22 14:26:42');
insert into Patients (patient_id, first_name, last_name, dob, gender, contact_number, email, address, created_at) values (20, 'Che', 'de Castelain', '6/25/1962', 'Male', '220-791-9940', 'cdecastelainj@wsj.com', '4 Iowa Drive', '2023-06-09 12:17:52');
insert into Patients (patient_id, first_name, last_name, dob, gender, contact_number, email, address, created_at) values (21, 'Blakeley', 'Wigan', '4/27/1979', 'Female', '862-141-7351', 'bwigank@cornell.edu', '82407 Blue Bill Park Parkway', '2023-10-28 02:12:27');
insert into Patients (patient_id, first_name, last_name, dob, gender, contact_number, email, address, created_at) values (22, 'Giorgio', 'Garford', '10/10/1946', 'Genderfluid', '916-695-2662', 'ggarfordl@jugem.jp', '50191 Emmet Alley', '2023-12-06 04:53:00');
insert into Patients (patient_id, first_name, last_name, dob, gender, contact_number, email, address, created_at) values (23, 'Talbot', 'Biaggetti', '8/25/2006', 'Polygender', '339-535-0005', 'tbiaggettim@example.com', '6853 Fordem Place', '2023-01-03 08:32:02');
insert into Patients (patient_id, first_name, last_name, dob, gender, contact_number, email, address, created_at) values (24, 'Nathanael', 'Ravenscraft', '2/23/2011', 'Male', '995-183-0439', 'nravenscraftn@house.gov', '73 Derek Terrace', '2024-03-03 22:00:58');
insert into Patients (patient_id, first_name, last_name, dob, gender, contact_number, email, address, created_at) values (25, 'Linc', 'Bothen', '6/1/2007', 'Male', '783-262-8962', 'lbotheno@hibu.com', '4 John Wall Plaza', '2024-06-03 19:32:42');
insert into Patients (patient_id, first_name, last_name, dob, gender, contact_number, email, address, created_at) values (26, 'Eduard', 'Howman', '3/29/2013', 'Male', '151-729-7127', 'ehowmanp@indiatimes.com', '8 Sauthoff Street', '2023-07-15 21:04:56');
insert into Patients (patient_id, first_name, last_name, dob, gender, contact_number, email, address, created_at) values (27, 'Laurens', 'Mundow', '9/1/1985', 'Male', '369-297-2960', 'lmundowq@com.com', '65620 Darwin Road', '2023-06-17 20:17:12');
insert into Patients (patient_id, first_name, last_name, dob, gender, contact_number, email, address, created_at) values (28, 'Nancy', 'Tigner', '2/5/2001', 'Female', '241-430-6008', 'ntignerr@java.com', '1745 High Crossing Street', '2023-11-15 01:17:45');
insert into Patients (patient_id, first_name, last_name, dob, gender, contact_number, email, address, created_at) values (29, 'Carola', 'MacDiarmid', '11/28/1999', 'Female', '334-726-0195', 'cmacdiarmids@cornell.edu', '280 Manitowish Place', '2024-02-15 19:46:47');
insert into Patients (patient_id, first_name, last_name, dob, gender, contact_number, email, address, created_at) values (30, 'Alfred', 'Daal', '7/19/1952', 'Male', '681-104-3018', 'adaalt@timesonline.co.uk', '750 Schurz Terrace', '2024-04-28 06:41:04');
insert into Patients (patient_id, first_name, last_name, dob, gender, contact_number, email, address, created_at) values (31, 'Payton', 'Cheine', '9/10/1993', 'Non-binary', '345-978-7498', 'pcheineu@drupal.org', '49 Mcbride Road', '2024-03-28 08:42:32');
insert into Patients (patient_id, first_name, last_name, dob, gender, contact_number, email, address, created_at) values (32, 'Erhart', 'Heddon', '1/10/1955', 'Male', '897-351-5835', 'eheddonv@army.mil', '59 Butterfield Street', '2024-02-08 23:05:31');
insert into Patients (patient_id, first_name, last_name, dob, gender, contact_number, email, address, created_at) values (33, 'Patton', 'Luparti', '6/6/1970', 'Male', '336-330-7742', 'plupartiw@so-net.ne.jp', '72848 Green Point', '2023-05-08 05:30:26');
insert into Patients (patient_id, first_name, last_name, dob, gender, contact_number, email, address, created_at) values (34, 'Anatol', 'Mellor', '6/23/2007', 'Male', '321-561-2023', 'amellorx@aol.com', '6 Oxford Alley', '2023-04-18 01:55:43');
insert into Patients (patient_id, first_name, last_name, dob, gender, contact_number, email, address, created_at) values (35, 'Gabriel', 'Spykins', '9/2/2012', 'Male', '633-818-5966', 'gspykinsy@squarespace.com', '85688 Forest Run Point', '2023-08-29 09:31:00');
insert into Patients (patient_id, first_name, last_name, dob, gender, contact_number, email, address, created_at) values (36, 'Augustus', 'Del Dello', '5/8/1949', 'Male', '587-979-3528', 'adeldelloz@ted.com', '3 Scott Parkway', '2023-04-24 16:28:15');
insert into Patients (patient_id, first_name, last_name, dob, gender, contact_number, email, address, created_at) values (37, 'Kennedy', 'McCarver', '10/30/1992', 'Male', '136-829-0399', 'kmccarver10@chron.com', '959 Dovetail Circle', '2023-11-26 00:49:00');
insert into Patients (patient_id, first_name, last_name, dob, gender, contact_number, email, address, created_at) values (38, 'Early', 'Brumpton', '10/14/1982', 'Male', '190-504-6001', 'ebrumpton11@over-blog.com', '54920 Hovde Alley', '2023-07-19 01:27:40');
insert into Patients (patient_id, first_name, last_name, dob, gender, contact_number, email, address, created_at) values (39, 'Anders', 'Trott', '10/27/1960', 'Male', '306-275-5577', 'atrott12@de.vu', '2 Lerdahl Circle', '2023-09-13 02:11:29');
insert into Patients (patient_id, first_name, last_name, dob, gender, contact_number, email, address, created_at) values (40, 'Even', 'Sulland', '2/14/1965', 'Male', '751-749-4442', 'esulland13@indiatimes.com', '1298 Amoth Trail', '2024-03-23 14:38:45');
insert into Patients (patient_id, first_name, last_name, dob, gender, contact_number, email, address, created_at) values (41, 'Redd', 'Karczinski', '9/25/1997', 'Male', '334-136-4455', 'rkarczinski14@accuweather.com', '8903 Donald Park', '2023-09-05 09:13:35');
insert into Patients (patient_id, first_name, last_name, dob, gender, contact_number, email, address, created_at) values (42, 'Bond', 'Woollons', '2/27/1980', 'Polygender', '995-324-0501', 'bwoollons15@dell.com', '10633 Summer Ridge Terrace', '2023-07-24 15:12:50');
insert into Patients (patient_id, first_name, last_name, dob, gender, contact_number, email, address, created_at) values (43, 'Bruce', 'McNiven', '3/13/1959', 'Male', '729-434-8463', 'bmcniven16@independent.co.uk', '71692 Thierer Way', '2024-08-06 09:00:00');
insert into Patients (patient_id, first_name, last_name, dob, gender, contact_number, email, address, created_at) values (44, 'Darcy', 'Chene', '12/17/2004', 'Female', '229-437-9190', 'dchene17@bloglovin.com', '5984 Ridgeway Alley', '2023-07-06 19:57:08');
insert into Patients (patient_id, first_name, last_name, dob, gender, contact_number, email, address, created_at) values (45, 'Shepherd', 'Bethell', '12/30/1964', 'Male', '984-826-9923', 'sbethell18@reddit.com', '6592 Namekagon Hill', '2024-06-16 16:38:17');
insert into Patients (patient_id, first_name, last_name, dob, gender, contact_number, email, address, created_at) values (46, 'Constantine', 'D''Angeli', '10/7/1966', 'Male', '301-875-6056', 'cdangeli19@ovh.net', '8911 Karstens Center', '2024-09-07 04:37:47');
insert into Patients (patient_id, first_name, last_name, dob, gender, contact_number, email, address, created_at) values (47, 'Jorge', 'Boldra', '1/16/1948', 'Male', '722-336-9878', 'jboldra1a@deliciousdays.com', '712 Manley Drive', '2024-06-16 10:55:56');
insert into Patients (patient_id, first_name, last_name, dob, gender, contact_number, email, address, created_at) values (48, 'Denna', 'Syrie', '11/10/1983', 'Female', '209-920-7531', 'dsyrie1b@a8.net', '9 Dapin Junction', '2023-05-23 13:06:49');
insert into Patients (patient_id, first_name, last_name, dob, gender, contact_number, email, address, created_at) values (49, 'Tildy', 'Rieger', '1/15/1962', 'Female', '357-396-2971', 'trieger1c@discuz.net', '4 Homewood Alley', '2023-12-23 12:46:23');
insert into Patients (patient_id, first_name, last_name, dob, gender, contact_number, email, address, created_at) values (50, 'Brucie', 'Canto', '9/15/1986', 'Male', '725-211-5987', 'bcanto1d@utexas.edu', '37 Dayton Parkway', '2023-03-17 23:35:22');

insert into doctors (doctor_id, first_name, last_name, specialization, contact_number, email, created_at) values (1, 'Mickie', 'Densey', 'Cardiology', '681-432-4267', 'mdensey0@shutterfly.com', '5/16/2024');
insert into doctors (doctor_id, first_name, last_name, specialization, contact_number, email, created_at) values (2, 'Hollis', 'Nodin', 'Neurology', '626-602-5489', 'hnodin1@irs.gov', '4/22/2024');
insert into doctors (doctor_id, first_name, last_name, specialization, contact_number, email, created_at) values (3, 'Hugibert', 'Haglinton', 'Dermatology', '410-670-9949', 'hhaglinton2@weibo.com', '11/6/2023');
insert into doctors (doctor_id, first_name, last_name, specialization, contact_number, email, created_at) values (4, 'Andria', 'Scotland', 'Orthopedics', '905-223-1430', 'ascotland3@stumbleupon.com', '12/26/2023');
insert into doctors (doctor_id, first_name, last_name, specialization, contact_number, email, created_at) values (5, 'Teddie', 'Sperwell', 'Internal Medicine', '188-256-5764', 'tsperwell4@mit.edu', '3/24/2024');
insert into doctors (doctor_id, first_name, last_name, specialization, contact_number, email, created_at) values (6, 'Dario', 'Shurville', 'Pulmonology', '508-881-5755', 'dshurville5@reverbnation.com', '10/9/2023');
insert into doctors (doctor_id, first_name, last_name, specialization, contact_number, email, created_at) values (7, 'Paten', 'Vasyukov', 'Cardiology', '920-563-4861', 'pvasyukov6@alexa.com', '2/14/2024');
insert into doctors (doctor_id, first_name, last_name, specialization, contact_number, email, created_at) values (8, 'Raina', 'Olpin', 'Pulmonology', '364-588-8953', 'rolpin7@theglobeandmail.com', '8/3/2024');
insert into doctors (doctor_id, first_name, last_name, specialization, contact_number, email, created_at) values (9, 'Guthry', 'Sottell', 'Internal Medicine', '126-401-3045', 'gsottell8@ca.gov', '3/15/2024');
insert into doctors (doctor_id, first_name, last_name, specialization, contact_number, email, created_at) values (10, 'Gottfried', 'Eyer', 'Pulmonology', '890-771-6554', 'geyer9@dedecms.com', '8/14/2024');
insert into doctors (doctor_id, first_name, last_name, specialization, contact_number, email, created_at) values (11, 'Rivalee', 'Haws', 'Pulmonology', '308-879-0449', 'rhawsa@hhs.gov', '12/2/2023');
insert into doctors (doctor_id, first_name, last_name, specialization, contact_number, email, created_at) values (12, 'Gallagher', 'Dreossi', 'Pediatrics', '258-350-2906', 'gdreossib@tinyurl.com', '7/14/2024');
insert into doctors (doctor_id, first_name, last_name, specialization, contact_number, email, created_at) values (13, 'Sadye', 'Ingman', 'Pediatrics', '477-465-4170', 'singmanc@themeforest.net', '5/25/2024');
insert into doctors (doctor_id, first_name, last_name, specialization, contact_number, email, created_at) values (14, 'Belinda', 'Le Franc', 'Dermatology', '377-679-0922', 'blefrancd@earthlink.net', '2/8/2024');
insert into doctors (doctor_id, first_name, last_name, specialization, contact_number, email, created_at) values (15, 'Consuela', 'Lorenzo', 'Dermatology', '115-822-0560', 'clorenzoe@spotify.com', '9/12/2024');
insert into doctors (doctor_id, first_name, last_name, specialization, contact_number, email, created_at) values (16, 'Merissa', 'Meese', 'Cardiology', '483-361-4590', 'mmeesef@github.com', '10/17/2023');
insert into doctors (doctor_id, first_name, last_name, specialization, contact_number, email, created_at) values (17, 'Natasha', 'Eary', 'Internal Medicine', '910-242-5267', 'nearyg@tripadvisor.com', '7/21/2024');
insert into doctors (doctor_id, first_name, last_name, specialization, contact_number, email, created_at) values (18, 'Edy', 'Cowpertwait', 'Cardiology', '110-868-7650', 'ecowpertwaith@wikispaces.com', '2/18/2024');
insert into doctors (doctor_id, first_name, last_name, specialization, contact_number, email, created_at) values (19, 'Nathanael', 'Colthard', 'Pulmonology', '361-932-5779', 'ncolthardi@goo.gl', '8/18/2024');
insert into doctors (doctor_id, first_name, last_name, specialization, contact_number, email, created_at) values (20, 'Cyndy', 'Layfield', 'Neurology', '116-182-1499', 'clayfieldj@blinklist.com', '10/9/2023');
insert into doctors (doctor_id, first_name, last_name, specialization, contact_number, email, created_at) values (21, 'Myrwyn', 'Mallinson', 'Pediatrics', '657-273-5951', 'mmallinsonk@indiatimes.com', '4/13/2024');
insert into doctors (doctor_id, first_name, last_name, specialization, contact_number, email, created_at) values (22, 'Fowler', 'Solesbury', 'Internal Medicine', '872-795-4693', 'fsolesburyl@cam.ac.uk', '2/5/2024');
insert into doctors (doctor_id, first_name, last_name, specialization, contact_number, email, created_at) values (23, 'Morganica', 'Thorrington', 'Pulmonology', '345-304-4371', 'mthorringtonm@mtv.com', '8/23/2024');
insert into doctors (doctor_id, first_name, last_name, specialization, contact_number, email, created_at) values (24, 'Rab', 'Marton', 'Ob-Gyne', '195-994-0778', 'rmartonn@businesswire.com', '11/4/2023');
insert into doctors (doctor_id, first_name, last_name, specialization, contact_number, email, created_at) values (25, 'Evelina', 'Asel', 'Internal Medicine', '527-754-2511', 'easelo@amazonaws.com', '11/1/2023');
insert into doctors (doctor_id, first_name, last_name, specialization, contact_number, email, created_at) values (26, 'Ash', 'Robeson', 'Ob-Gyne', '777-626-6103', 'arobesonp@mozilla.com', '10/21/2023');
insert into doctors (doctor_id, first_name, last_name, specialization, contact_number, email, created_at) values (27, 'Addy', 'Cammacke', 'Orthopedics', '943-840-7346', 'acammackeq@oakley.com', '12/12/2023');
insert into doctors (doctor_id, first_name, last_name, specialization, contact_number, email, created_at) values (28, 'Olwen', 'Marjoribanks', 'Pediatrics', '676-761-5029', 'omarjoribanksr@washingtonpost.com', '1/22/2024');
insert into doctors (doctor_id, first_name, last_name, specialization, contact_number, email, created_at) values (29, 'Josephina', 'Redsell', 'Dermatology', '774-678-0328', 'jredsells@youtube.com', '11/22/2023');
insert into doctors (doctor_id, first_name, last_name, specialization, contact_number, email, created_at) values (30, 'Emmie', 'Torry', 'Dermatology', '144-105-5701', 'etorryt@berkeley.edu', '5/14/2024');
insert into doctors (doctor_id, first_name, last_name, specialization, contact_number, email, created_at) values (31, 'Avivah', 'Gaunson', 'Neurology', '505-108-6343', 'agaunsonu@yahoo.co.jp', '3/12/2024');
insert into doctors (doctor_id, first_name, last_name, specialization, contact_number, email, created_at) values (32, 'Nate', 'Androli', 'Neurology', '196-790-8249', 'nandroliv@nba.com', '10/29/2023');
insert into doctors (doctor_id, first_name, last_name, specialization, contact_number, email, created_at) values (33, 'Vivianna', 'Gorden', 'Orthopedics', '313-603-8120', 'vgordenw@parallels.com', '9/23/2023');
insert into doctors (doctor_id, first_name, last_name, specialization, contact_number, email, created_at) values (34, 'Vitoria', 'Copnell', 'Orthopedics', '983-953-1472', 'vcopnellx@cnet.com', '1/22/2024');
insert into doctors (doctor_id, first_name, last_name, specialization, contact_number, email, created_at) values (35, 'Lee', 'Kirkby', 'Pediatrics', '238-567-8830', 'lkirkbyy@nsw.gov.au', '11/22/2023');
insert into doctors (doctor_id, first_name, last_name, specialization, contact_number, email, created_at) values (36, 'Theodoric', 'Couttes', 'Internal Medicine', '581-344-5944', 'tcouttesz@quantcast.com', '8/31/2024');
insert into doctors (doctor_id, first_name, last_name, specialization, contact_number, email, created_at) values (37, 'Melba', 'Cuckoo', 'Pediatrics', '932-171-3157', 'mcuckoo10@biglobe.ne.jp', '3/19/2024');
insert into doctors (doctor_id, first_name, last_name, specialization, contact_number, email, created_at) values (38, 'Marcellina', 'Ashwell', 'Cardiology', '198-764-6899', 'mashwell11@blinklist.com', '2/23/2024');
insert into doctors (doctor_id, first_name, last_name, specialization, contact_number, email, created_at) values (39, 'Shirl', 'Shasnan', 'Pediatrics', '108-252-6724', 'sshasnan12@linkedin.com', '6/7/2024');
insert into doctors (doctor_id, first_name, last_name, specialization, contact_number, email, created_at) values (40, 'Kelsy', 'Morena', 'Orthopedics', '633-972-7535', 'kmorena13@cafepress.com', '5/17/2024');
insert into doctors (doctor_id, first_name, last_name, specialization, contact_number, email, created_at) values (41, 'Helen', 'Ashard', 'Cardiology', '432-651-0384', 'hashard14@cam.ac.uk', '9/4/2024');
insert into doctors (doctor_id, first_name, last_name, specialization, contact_number, email, created_at) values (42, 'Willi', 'Bockh', 'Orthopedics', '843-879-8788', 'wbockh15@pcworld.com', '8/29/2024');
insert into doctors (doctor_id, first_name, last_name, specialization, contact_number, email, created_at) values (43, 'Sidonia', 'FitzGibbon', 'Neurology', '371-694-1120', 'sfitzgibbon16@businesswire.com', '7/14/2024');
insert into doctors (doctor_id, first_name, last_name, specialization, contact_number, email, created_at) values (44, 'Niall', 'Wagstaff', 'Internal Medicine', '556-895-7697', 'nwagstaff17@youtu.be', '5/13/2024');
insert into doctors (doctor_id, first_name, last_name, specialization, contact_number, email, created_at) values (45, 'Nate', 'Bestwall', 'Dermatology', '997-156-1499', 'nbestwall18@newsvine.com', '10/26/2023');
insert into doctors (doctor_id, first_name, last_name, specialization, contact_number, email, created_at) values (46, 'Marie-jeanne', 'Penk', 'Pediatrics', '785-624-6081', 'mpenk19@topsy.com', '1/2/2024');
insert into doctors (doctor_id, first_name, last_name, specialization, contact_number, email, created_at) values (47, 'Cinnamon', 'Bewfield', 'Ob-Gyne', '152-953-8135', 'cbewfield1a@samsung.com', '4/21/2024');
insert into doctors (doctor_id, first_name, last_name, specialization, contact_number, email, created_at) values (48, 'Patsy', 'Parkisson', 'Neurology', '784-864-6336', 'pparkisson1b@boston.com', '2/6/2024');
insert into doctors (doctor_id, first_name, last_name, specialization, contact_number, email, created_at) values (49, 'Julissa', 'Glaum', 'Ob-Gyne', '723-230-9144', 'jglaum1c@github.io', '4/11/2024');
insert into doctors (doctor_id, first_name, last_name, specialization, contact_number, email, created_at) values (50, 'Antonino', 'Eliassen', 'Pediatrics', '508-491-0210', 'aeliassen1d@163.com', '10/12/2023');

insert into appointments (appointment_id, patient_id, doctor_id, appointment_date, appointment_time, reason, status, created_at) values (1, 22, 6, '3/24/2024', '4:20 PM', 'Back pain', 'completed', '2/21/2024');
insert into appointments (appointment_id, patient_id, doctor_id, appointment_date, appointment_time, reason, status, created_at) values (2, 36, 41, '7/22/2024', '11:09 AM', 'Stomach Pain', 'ongoing', '1/11/2024');
insert into appointments (appointment_id, patient_id, doctor_id, appointment_date, appointment_time, reason, status, created_at) values (3, 37, 31, '10/10/2023', '10:39 AM', 'Stomach Pain', 'active', '4/29/2024');
insert into appointments (appointment_id, patient_id, doctor_id, appointment_date, appointment_time, reason, status, created_at) values (4, 10, 49, '3/18/2023', '6:48 PM', 'Headache', 'ongoing', '4/14/2023');
insert into appointments (appointment_id, patient_id, doctor_id, appointment_date, appointment_time, reason, status, created_at) values (5, 32, 12, '6/21/2024', '3:03 PM', 'Annual check-up', 'completed', '1/28/2024');
insert into appointments (appointment_id, patient_id, doctor_id, appointment_date, appointment_time, reason, status, created_at) values (6, 41, 19, '12/3/2023', '1:09 PM', 'General Checkup', 'cancelled', '3/31/2024');
insert into appointments (appointment_id, patient_id, doctor_id, appointment_date, appointment_time, reason, status, created_at) values (7, 26, 27, '5/10/2023', '9:43 AM', 'Flu symptoms', 'completed', '4/30/2024');
insert into appointments (appointment_id, patient_id, doctor_id, appointment_date, appointment_time, reason, status, created_at) values (8, 27, 48, '1/22/2024', '5:05 PM', 'Headache', 'completed', '3/8/2023');
insert into appointments (appointment_id, patient_id, doctor_id, appointment_date, appointment_time, reason, status, created_at) values (9, 49, 43, '7/23/2024', '9:24 AM', 'Medical checkup for work', 'active', '11/24/2023');
insert into appointments (appointment_id, patient_id, doctor_id, appointment_date, appointment_time, reason, status, created_at) values (10, 42, 2, '10/23/2023', '4:03 PM', 'General Checkup', 'cancelled', '2/8/2023');
insert into appointments (appointment_id, patient_id, doctor_id, appointment_date, appointment_time, reason, status, created_at) values (11, 35, 3, '5/23/2023', '11:37 AM', 'Headache', 'cancelled', '9/9/2024');
insert into appointments (appointment_id, patient_id, doctor_id, appointment_date, appointment_time, reason, status, created_at) values (12, 7, 11, '9/22/2023', '9:12 AM', 'Back pain', 'completed', '2/9/2023');
insert into appointments (appointment_id, patient_id, doctor_id, appointment_date, appointment_time, reason, status, created_at) values (13, 38, 48, '8/2/2023', '10:21 AM', 'Doctor referencial', 'ongoing', '3/10/2024');
insert into appointments (appointment_id, patient_id, doctor_id, appointment_date, appointment_time, reason, status, created_at) values (14, 12, 39, '9/7/2023', '4:18 PM', 'Stomach Pain', 'active', '11/4/2023');
insert into appointments (appointment_id, patient_id, doctor_id, appointment_date, appointment_time, reason, status, created_at) values (15, 37, 34, '5/18/2024', '11:26 AM', 'Back pain', 'cancelled', '5/3/2023');
insert into appointments (appointment_id, patient_id, doctor_id, appointment_date, appointment_time, reason, status, created_at) values (16, 35, 49, '3/31/2024', '8:17 AM', 'Allergy consultation', 'cancelled', '2/10/2023');
insert into appointments (appointment_id, patient_id, doctor_id, appointment_date, appointment_time, reason, status, created_at) values (17, 11, 39, '5/10/2023', '4:05 PM', 'Annual check-up', 'completed', '10/12/2023');
insert into appointments (appointment_id, patient_id, doctor_id, appointment_date, appointment_time, reason, status, created_at) values (18, 16, 37, '1/6/2023', '4:09 PM', 'Back pain', 'active', '9/16/2023');
insert into appointments (appointment_id, patient_id, doctor_id, appointment_date, appointment_time, reason, status, created_at) values (19, 19, 23, '7/16/2023', '12:14 PM', 'Flu symptoms', 'ongoing', '6/10/2023');
insert into appointments (appointment_id, patient_id, doctor_id, appointment_date, appointment_time, reason, status, created_at) values (20, 32, 17, '2/11/2023', '3:38 PM', 'Flu symptoms', 'completed', '5/15/2024');
insert into appointments (appointment_id, patient_id, doctor_id, appointment_date, appointment_time, reason, status, created_at) values (21, 44, 11, '9/6/2024', '10:38 AM', 'Back pain', 'active', '4/20/2023');
insert into appointments (appointment_id, patient_id, doctor_id, appointment_date, appointment_time, reason, status, created_at) values (22, 25, 47, '8/13/2023', '2:02 PM', 'Headache', 'completed', '5/22/2024');
insert into appointments (appointment_id, patient_id, doctor_id, appointment_date, appointment_time, reason, status, created_at) values (23, 39, 34, '4/23/2023', '7:52 PM', 'Flu symptoms', 'ongoing', '8/24/2023');
insert into appointments (appointment_id, patient_id, doctor_id, appointment_date, appointment_time, reason, status, created_at) values (24, 37, 35, '11/6/2023', '2:52 PM', 'Medical checkup for work', 'completed', '3/26/2024');
insert into appointments (appointment_id, patient_id, doctor_id, appointment_date, appointment_time, reason, status, created_at) values (25, 15, 4, '12/20/2023', '3:30 PM', 'Allergy consultation', 'active', '1/28/2023');
insert into appointments (appointment_id, patient_id, doctor_id, appointment_date, appointment_time, reason, status, created_at) values (26, 16, 27, '5/29/2024', '4:04 PM', 'Medical checkup for work', 'completed', '5/17/2023');
insert into appointments (appointment_id, patient_id, doctor_id, appointment_date, appointment_time, reason, status, created_at) values (27, 4, 25, '6/16/2024', '11:54 AM', 'Headache', 'active', '4/9/2023');
insert into appointments (appointment_id, patient_id, doctor_id, appointment_date, appointment_time, reason, status, created_at) values (28, 33, 20, '7/31/2024', '12:56 PM', 'Annual check-up', 'cancelled', '7/8/2024');
insert into appointments (appointment_id, patient_id, doctor_id, appointment_date, appointment_time, reason, status, created_at) values (29, 15, 13, '4/24/2024', '10:04 AM', 'Allergy consultation', 'cancelled', '5/13/2024');
insert into appointments (appointment_id, patient_id, doctor_id, appointment_date, appointment_time, reason, status, created_at) values (30, 15, 8, '9/21/2023', '9:35 AM', 'General Checkup', 'cancelled', '3/8/2024');
insert into appointments (appointment_id, patient_id, doctor_id, appointment_date, appointment_time, reason, status, created_at) values (31, 14, 29, '11/28/2023', '4:02 PM', 'Flu symptoms', 'active', '6/8/2023');
insert into appointments (appointment_id, patient_id, doctor_id, appointment_date, appointment_time, reason, status, created_at) values (32, 40, 49, '6/5/2023', '4:38 PM', 'Headache', 'cancelled', '10/29/2023');
insert into appointments (appointment_id, patient_id, doctor_id, appointment_date, appointment_time, reason, status, created_at) values (33, 9, 14, '5/22/2023', '12:06 PM', 'General Checkup', 'cancelled', '3/19/2024');
insert into appointments (appointment_id, patient_id, doctor_id, appointment_date, appointment_time, reason, status, created_at) values (34, 15, 48, '2/9/2023', '11:37 AM', 'Medical checkup for work', 'ongoing', '2/28/2024');
insert into appointments (appointment_id, patient_id, doctor_id, appointment_date, appointment_time, reason, status, created_at) values (35, 36, 35, '4/3/2024', '11:25 AM', 'Back pain', 'cancelled', '1/17/2023');
insert into appointments (appointment_id, patient_id, doctor_id, appointment_date, appointment_time, reason, status, created_at) values (36, 27, 42, '7/29/2024', '5:38 PM', 'General Checkup', 'cancelled', '5/27/2023');
insert into appointments (appointment_id, patient_id, doctor_id, appointment_date, appointment_time, reason, status, created_at) values (37, 26, 40, '7/6/2024', '5:30 PM', 'Annual check-up', 'ongoing', '6/25/2024');
insert into appointments (appointment_id, patient_id, doctor_id, appointment_date, appointment_time, reason, status, created_at) values (38, 17, 37, '1/21/2024', '6:31 PM', 'Annual check-up', 'ongoing', '10/5/2023');
insert into appointments (appointment_id, patient_id, doctor_id, appointment_date, appointment_time, reason, status, created_at) values (39, 7, 27, '5/5/2023', '5:06 PM', 'Annual check-up', 'ongoing', '12/16/2023');
insert into appointments (appointment_id, patient_id, doctor_id, appointment_date, appointment_time, reason, status, created_at) values (40, 21, 19, '6/14/2024', '1:31 PM', 'Stomach Pain', 'ongoing', '2/28/2024');
insert into appointments (appointment_id, patient_id, doctor_id, appointment_date, appointment_time, reason, status, created_at) values (41, 15, 9, '8/29/2023', '9:01 AM', 'Stomach Pain', 'active', '4/27/2024');
insert into appointments (appointment_id, patient_id, doctor_id, appointment_date, appointment_time, reason, status, created_at) values (42, 10, 35, '1/16/2024', '7:29 PM', 'Allergy consultation', 'ongoing', '3/26/2023');
insert into appointments (appointment_id, patient_id, doctor_id, appointment_date, appointment_time, reason, status, created_at) values (43, 37, 25, '4/4/2023', '12:19 PM', 'Flu symptoms', 'cancelled', '8/16/2023');
insert into appointments (appointment_id, patient_id, doctor_id, appointment_date, appointment_time, reason, status, created_at) values (44, 48, 31, '10/31/2023', '5:53 PM', 'Medical checkup for work', 'active', '10/22/2023');
insert into appointments (appointment_id, patient_id, doctor_id, appointment_date, appointment_time, reason, status, created_at) values (45, 29, 43, '4/22/2023', '9:18 AM', 'Annual check-up', 'ongoing', '1/26/2023');
insert into appointments (appointment_id, patient_id, doctor_id, appointment_date, appointment_time, reason, status, created_at) values (46, 48, 15, '10/6/2023', '3:23 PM', 'Back pain', 'cancelled', '3/12/2024');
insert into appointments (appointment_id, patient_id, doctor_id, appointment_date, appointment_time, reason, status, created_at) values (47, 14, 19, '9/8/2024', '2:14 PM', 'Allergy consultation', 'ongoing', '7/7/2024');
insert into appointments (appointment_id, patient_id, doctor_id, appointment_date, appointment_time, reason, status, created_at) values (48, 21, 17, '10/1/2023', '6:54 PM', 'Stomach Pain', 'active', '8/20/2023');
insert into appointments (appointment_id, patient_id, doctor_id, appointment_date, appointment_time, reason, status, created_at) values (49, 48, 42, '5/24/2023', '7:41 PM', 'Medical checkup for work', 'completed', '11/11/2023');
insert into appointments (appointment_id, patient_id, doctor_id, appointment_date, appointment_time, reason, status, created_at) values (50, 29, 38, '10/3/2023', '10:27 AM', 'Annual check-up', 'completed', '7/25/2023');

INSERT INTO procedures (procedure_id, procedure_name, procedure_description, price, created_at) VALUES
(1, 'Blood Test', 'Measure and examines blood properties', 800, '2023-01-01'),
(2, 'Xray', 'Imaging technique that uses ionizing radiation to produce images', 500, '2023-01-01'),
(3, 'Urinalysis', 'Examines urine to diagnose condition', 550, '2023-01-01'),
(4, 'Fecalysis', 'Laboratory test that analyzes a stool sample to detect infections', 650, '2023-01-01'),
(5, 'ECG', 'Test that records the electrical activity of the heart', 800, '2023-01-01'),
(6, 'MRI', 'Non-invasive imaging technique that uses magnetic fields and radio waves', 5000, '2023-01-01'),
(7, 'Ultrasound', 'Diagnostic procedure that uses high-frequency sound waves to produce real-time images', 2500, '2023-01-01'),
(8, 'CT-Scan', 'Imaging technique that combines X-ray technology with computer processing', 2500, '2023-01-01');

insert into test_results (result_id, appointment_procedure_id, result, result_date, comments, created_at) values (1, 25, 'positive', '1/11/2024', 'The test results were inconclusive.', '6/29/2024');
insert into test_results (result_id, appointment_procedure_id, result, result_date, comments, created_at) values (2, 26, 'positive', '4/19/2023', 'Needs more test', '4/22/2023');
insert into test_results (result_id, appointment_procedure_id, result, result_date, comments, created_at) values (3, 49, 'negative', '3/28/2024', 'No comment', '2/17/2024');
insert into test_results (result_id, appointment_procedure_id, result, result_date, comments, created_at) values (4, 5, 'inconclusive', '1/26/2023', 'Needs more test', '3/23/2024');
insert into test_results (result_id, appointment_procedure_id, result, result_date, comments, created_at) values (5, 48, 'negative', '5/10/2024', 'No comment', '6/23/2024');
insert into test_results (result_id, appointment_procedure_id, result, result_date, comments, created_at) values (6, 20, 'negative', '12/28/2023', 'The clinical test indicated a positive result for the condition.', '5/31/2023');
insert into test_results (result_id, appointment_procedure_id, result, result_date, comments, created_at) values (7, 5, 'inconclusive', '11/25/2023', 'Needs more test', '6/2/2023');
insert into test_results (result_id, appointment_procedure_id, result, result_date, comments, created_at) values (8, 3, 'inconclusive', '2/25/2023', 'The clinical test indicated a positive result for the condition.', '7/4/2023');
insert into test_results (result_id, appointment_procedure_id, result, result_date, comments, created_at) values (9, 38, 'negative', '3/23/2023', 'Needs more test', '2/15/2023');
insert into test_results (result_id, appointment_procedure_id, result, result_date, comments, created_at) values (10, 17, 'positive', '8/16/2024', 'The test results were inconclusive.', '3/29/2023');
insert into test_results (result_id, appointment_procedure_id, result, result_date, comments, created_at) values (11, 29, 'inconclusive', '10/17/2023', 'The test results were inconclusive.', '1/6/2024');
insert into test_results (result_id, appointment_procedure_id, result, result_date, comments, created_at) values (12, 25, 'inconclusive', '8/4/2023', 'Needs more test', '3/10/2023');
insert into test_results (result_id, appointment_procedure_id, result, result_date, comments, created_at) values (13, 33, 'negative', '10/12/2023', 'No comment', '1/6/2023');
insert into test_results (result_id, appointment_procedure_id, result, result_date, comments, created_at) values (14, 29, 'inconclusive', '11/8/2023', 'No comment', '4/8/2024');
insert into test_results (result_id, appointment_procedure_id, result, result_date, comments, created_at) values (15, 14, 'inconclusive', '3/31/2024', 'Needs more test', '4/25/2024');
insert into test_results (result_id, appointment_procedure_id, result, result_date, comments, created_at) values (16, 35, 'inconclusive', '6/7/2023', 'Needs more test', '7/19/2024');
insert into test_results (result_id, appointment_procedure_id, result, result_date, comments, created_at) values (17, 33, 'positive', '6/15/2023', 'No comment', '8/22/2023');
insert into test_results (result_id, appointment_procedure_id, result, result_date, comments, created_at) values (18, 48, 'negative', '4/9/2023', 'The clinical test indicated a positive result for the condition.', '5/1/2023');
insert into test_results (result_id, appointment_procedure_id, result, result_date, comments, created_at) values (19, 30, 'negative', '10/21/2023', 'The clinical test indicated a positive result for the condition.', '2/5/2023');
insert into test_results (result_id, appointment_procedure_id, result, result_date, comments, created_at) values (20, 4, 'inconclusive', '6/10/2023', 'No comment', '8/3/2024');
insert into test_results (result_id, appointment_procedure_id, result, result_date, comments, created_at) values (21, 39, 'positive', '3/25/2024', 'The clinical test indicated a positive result for the condition.', '4/15/2024');
insert into test_results (result_id, appointment_procedure_id, result, result_date, comments, created_at) values (22, 5, 'positive', '2/25/2024', 'Needs more test', '5/5/2024');
insert into test_results (result_id, appointment_procedure_id, result, result_date, comments, created_at) values (23, 47, 'negative', '2/10/2024', 'No comment', '10/11/2023');
insert into test_results (result_id, appointment_procedure_id, result, result_date, comments, created_at) values (24, 34, 'inconclusive', '8/29/2023', 'The clinical test indicated a positive result for the condition.', '9/9/2023');
insert into test_results (result_id, appointment_procedure_id, result, result_date, comments, created_at) values (25, 50, 'positive', '2/8/2024', 'The diagnostic test showed abnormal findings.', '5/21/2023');
insert into test_results (result_id, appointment_procedure_id, result, result_date, comments, created_at) values (26, 32, 'inconclusive', '11/27/2023', 'The diagnostic test showed abnormal findings.', '2/22/2024');
insert into test_results (result_id, appointment_procedure_id, result, result_date, comments, created_at) values (27, 9, 'positive', '12/27/2023', 'The diagnostic test showed abnormal findings.', '2/16/2024');
insert into test_results (result_id, appointment_procedure_id, result, result_date, comments, created_at) values (28, 40, 'positive', '12/1/2023', 'The diagnostic test showed abnormal findings.', '10/8/2023');
insert into test_results (result_id, appointment_procedure_id, result, result_date, comments, created_at) values (29, 41, 'inconclusive', '2/18/2024', 'The clinical test indicated a positive result for the condition.', '9/16/2023');
insert into test_results (result_id, appointment_procedure_id, result, result_date, comments, created_at) values (30, 2, 'positive', '8/10/2023', 'The diagnostic test showed abnormal findings.', '9/9/2023');
insert into test_results (result_id, appointment_procedure_id, result, result_date, comments, created_at) values (31, 38, 'positive', '8/16/2023', 'Needs more test', '12/11/2023');
insert into test_results (result_id, appointment_procedure_id, result, result_date, comments, created_at) values (32, 25, 'positive', '2/15/2024', 'The test results were inconclusive.', '10/15/2023');
insert into test_results (result_id, appointment_procedure_id, result, result_date, comments, created_at) values (33, 30, 'positive', '7/15/2024', 'The clinical test indicated a positive result for the condition.', '7/3/2023');
insert into test_results (result_id, appointment_procedure_id, result, result_date, comments, created_at) values (34, 13, 'positive', '10/9/2023', 'Needs more test', '6/5/2023');
insert into test_results (result_id, appointment_procedure_id, result, result_date, comments, created_at) values (35, 34, 'positive', '7/30/2023', 'The diagnostic test showed abnormal findings.', '2/13/2023');
insert into test_results (result_id, appointment_procedure_id, result, result_date, comments, created_at) values (36, 37, 'positive', '4/18/2023', 'The clinical test indicated a positive result for the condition.', '8/29/2023');
insert into test_results (result_id, appointment_procedure_id, result, result_date, comments, created_at) values (37, 39, 'inconclusive', '5/1/2023', 'No comment', '12/23/2023');
insert into test_results (result_id, appointment_procedure_id, result, result_date, comments, created_at) values (38, 25, 'positive', '2/11/2024', 'The diagnostic test showed abnormal findings.', '3/22/2023');
insert into test_results (result_id, appointment_procedure_id, result, result_date, comments, created_at) values (39, 42, 'positive', '2/17/2024', 'No comment', '12/4/2023');
insert into test_results (result_id, appointment_procedure_id, result, result_date, comments, created_at) values (40, 36, 'negative', '1/28/2024', 'Needs more test', '8/31/2023');
insert into test_results (result_id, appointment_procedure_id, result, result_date, comments, created_at) values (41, 43, 'inconclusive', '7/12/2023', 'Needs more test', '10/23/2023');
insert into test_results (result_id, appointment_procedure_id, result, result_date, comments, created_at) values (42, 27, 'negative', '2/21/2024', 'The diagnostic test showed abnormal findings.', '6/5/2024');
insert into test_results (result_id, appointment_procedure_id, result, result_date, comments, created_at) values (43, 44, 'positive', '3/18/2023', 'No comment', '6/4/2023');
insert into test_results (result_id, appointment_procedure_id, result, result_date, comments, created_at) values (44, 28, 'negative', '6/30/2023', 'No comment', '2/5/2023');
insert into test_results (result_id, appointment_procedure_id, result, result_date, comments, created_at) values (45, 1, 'positive', '9/1/2024', 'The test results were inconclusive.', '8/8/2024');
insert into test_results (result_id, appointment_procedure_id, result, result_date, comments, created_at) values (46, 23, 'inconclusive', '1/16/2024', 'The test results were inconclusive.', '9/4/2024');
insert into test_results (result_id, appointment_procedure_id, result, result_date, comments, created_at) values (47, 44, 'inconclusive', '6/22/2023', 'The diagnostic test showed abnormal findings.', '3/25/2024');
insert into test_results (result_id, appointment_procedure_id, result, result_date, comments, created_at) values (48, 49, 'negative', '1/23/2023', 'Needs more test', '4/6/2024');
insert into test_results (result_id, appointment_procedure_id, result, result_date, comments, created_at) values (49, 50, 'inconclusive', '8/5/2024', 'The diagnostic test showed abnormal findings.', '11/14/2023');
insert into test_results (result_id, appointment_procedure_id, result, result_date, comments, created_at) values (50, 5, 'inconclusive', '6/25/2023', 'Needs more test', '8/24/2024');

insert into payments (payment_id, appointment_id, payment_method, amount, payment_date, created_at) values (1, 33, 'PayPal', 3426, '7/29/2024', '6/8/2024');
insert into payments (payment_id, appointment_id, payment_method, amount, payment_date, created_at) values (2, 39, 'Google Pay', 3544, '2/8/2023', '3/28/2024');
insert into payments (payment_id, appointment_id, payment_method, amount, payment_date, created_at) values (3, 28, 'Google Pay', 545, '5/20/2023', '8/31/2023');
insert into payments (payment_id, appointment_id, payment_method, amount, payment_date, created_at) values (4, 49, 'PayPal', 2036, '8/28/2024', '12/18/2023');
insert into payments (payment_id, appointment_id, payment_method, amount, payment_date, created_at) values (5, 38, 'PayPal', 4596, '6/12/2023', '3/11/2023');
insert into payments (payment_id, appointment_id, payment_method, amount, payment_date, created_at) values (6, 11, 'Apple Pay', 2002, '10/15/2023', '1/22/2024');
insert into payments (payment_id, appointment_id, payment_method, amount, payment_date, created_at) values (7, 18, 'credit card', 2441, '10/31/2023', '7/10/2023');
insert into payments (payment_id, appointment_id, payment_method, amount, payment_date, created_at) values (8, 7, 'Apple Pay', 1374, '1/30/2024', '2/1/2024');
insert into payments (payment_id, appointment_id, payment_method, amount, payment_date, created_at) values (9, 25, 'PayPal', 4194, '3/27/2023', '2/2/2023');
insert into payments (payment_id, appointment_id, payment_method, amount, payment_date, created_at) values (10, 19, 'debit card', 759, '5/19/2023', '3/31/2023');
insert into payments (payment_id, appointment_id, payment_method, amount, payment_date, created_at) values (11, 31, 'Venmo', 527, '3/1/2023', '7/1/2023');
insert into payments (payment_id, appointment_id, payment_method, amount, payment_date, created_at) values (12, 45, 'Apple Pay', 3132, '5/6/2024', '6/3/2024');
insert into payments (payment_id, appointment_id, payment_method, amount, payment_date, created_at) values (13, 26, 'credit card', 1720, '4/3/2024', '8/16/2023');
insert into payments (payment_id, appointment_id, payment_method, amount, payment_date, created_at) values (14, 15, 'credit card', 1929, '11/13/2023', '2/9/2024');
insert into payments (payment_id, appointment_id, payment_method, amount, payment_date, created_at) values (15, 11, 'debit card', 2687, '8/24/2024', '3/2/2023');
insert into payments (payment_id, appointment_id, payment_method, amount, payment_date, created_at) values (16, 44, 'Venmo', 1539, '2/9/2023', '6/15/2023');
insert into payments (payment_id, appointment_id, payment_method, amount, payment_date, created_at) values (17, 29, 'PayPal', 2676, '7/28/2024', '11/9/2023');
insert into payments (payment_id, appointment_id, payment_method, amount, payment_date, created_at) values (18, 31, 'Venmo', 3199, '1/25/2023', '1/13/2023');
insert into payments (payment_id, appointment_id, payment_method, amount, payment_date, created_at) values (19, 20, 'credit card', 4469, '7/28/2023', '7/26/2024');
insert into payments (payment_id, appointment_id, payment_method, amount, payment_date, created_at) values (20, 28, 'Apple Pay', 1489, '3/16/2023', '11/7/2023');
insert into payments (payment_id, appointment_id, payment_method, amount, payment_date, created_at) values (21, 16, 'Venmo', 1809, '12/5/2023', '2/12/2023');
insert into payments (payment_id, appointment_id, payment_method, amount, payment_date, created_at) values (22, 30, 'Google Pay', 2044, '3/1/2024', '1/5/2024');
insert into payments (payment_id, appointment_id, payment_method, amount, payment_date, created_at) values (23, 2, 'Venmo', 3974, '4/10/2024', '9/12/2023');
insert into payments (payment_id, appointment_id, payment_method, amount, payment_date, created_at) values (24, 47, 'Google Pay', 3206, '10/10/2023', '10/23/2023');
insert into payments (payment_id, appointment_id, payment_method, amount, payment_date, created_at) values (25, 23, 'credit card', 4758, '8/2/2023', '9/24/2023');
insert into payments (payment_id, appointment_id, payment_method, amount, payment_date, created_at) values (26, 36, 'PayPal', 1963, '10/25/2023', '5/5/2024');
insert into payments (payment_id, appointment_id, payment_method, amount, payment_date, created_at) values (27, 15, 'Venmo', 4696, '5/31/2023', '4/14/2024');
insert into payments (payment_id, appointment_id, payment_method, amount, payment_date, created_at) values (28, 16, 'PayPal', 2636, '1/12/2023', '7/2/2024');
insert into payments (payment_id, appointment_id, payment_method, amount, payment_date, created_at) values (29, 48, 'Venmo', 3278, '3/3/2023', '3/8/2024');
insert into payments (payment_id, appointment_id, payment_method, amount, payment_date, created_at) values (30, 21, 'credit card', 4431, '4/22/2024', '2/29/2024');
insert into payments (payment_id, appointment_id, payment_method, amount, payment_date, created_at) values (31, 5, 'Venmo', 661, '1/10/2023', '4/13/2023');
insert into payments (payment_id, appointment_id, payment_method, amount, payment_date, created_at) values (32, 15, 'Google Pay', 791, '2/10/2024', '8/7/2024');
insert into payments (payment_id, appointment_id, payment_method, amount, payment_date, created_at) values (33, 2, 'Apple Pay', 1873, '2/8/2024', '5/14/2023');
insert into payments (payment_id, appointment_id, payment_method, amount, payment_date, created_at) values (34, 6, 'PayPal', 2586, '8/1/2024', '8/25/2024');
insert into payments (payment_id, appointment_id, payment_method, amount, payment_date, created_at) values (35, 28, 'Google Pay', 3525, '3/6/2024', '12/23/2023');
insert into payments (payment_id, appointment_id, payment_method, amount, payment_date, created_at) values (36, 28, 'Apple Pay', 1913, '6/28/2023', '12/3/2023');
insert into payments (payment_id, appointment_id, payment_method, amount, payment_date, created_at) values (37, 4, 'Venmo', 4968, '3/17/2024', '4/24/2024');
insert into payments (payment_id, appointment_id, payment_method, amount, payment_date, created_at) values (38, 45, 'debit card', 1865, '7/16/2024', '1/22/2023');
insert into payments (payment_id, appointment_id, payment_method, amount, payment_date, created_at) values (39, 2, 'PayPal', 3357, '6/9/2023', '4/20/2024');
insert into payments (payment_id, appointment_id, payment_method, amount, payment_date, created_at) values (40, 31, 'Google Pay', 2508, '9/1/2023', '11/5/2023');
insert into payments (payment_id, appointment_id, payment_method, amount, payment_date, created_at) values (41, 6, 'Google Pay', 3743, '2/18/2024', '2/5/2023');
insert into payments (payment_id, appointment_id, payment_method, amount, payment_date, created_at) values (42, 13, 'debit card', 986, '10/22/2023', '6/16/2023');
insert into payments (payment_id, appointment_id, payment_method, amount, payment_date, created_at) values (43, 17, 'Google Pay', 3378, '4/13/2024', '2/1/2024');
insert into payments (payment_id, appointment_id, payment_method, amount, payment_date, created_at) values (44, 18, 'Venmo', 3942, '2/9/2023', '9/14/2024');
insert into payments (payment_id, appointment_id, payment_method, amount, payment_date, created_at) values (45, 16, 'debit card', 572, '7/4/2023', '2/6/2023');
insert into payments (payment_id, appointment_id, payment_method, amount, payment_date, created_at) values (46, 3, 'Venmo', 3952, '7/24/2023', '1/22/2024');
insert into payments (payment_id, appointment_id, payment_method, amount, payment_date, created_at) values (47, 34, 'Apple Pay', 3877, '6/18/2023', '8/20/2023');
insert into payments (payment_id, appointment_id, payment_method, amount, payment_date, created_at) values (48, 4, 'PayPal', 2415, '1/26/2024', '11/2/2023');
insert into payments (payment_id, appointment_id, payment_method, amount, payment_date, created_at) values (49, 31, 'debit card', 1316, '9/18/2023', '3/23/2024');
insert into payments (payment_id, appointment_id, payment_method, amount, payment_date, created_at) values (50, 22, 'credit card', 651, '1/5/2024', '3/1/2024');

insert into appointment_procedures (appointment_procedure_id, appointment_id, procedure_id, availed_at) values (1, 11, 8, '9/16/2024');
insert into appointment_procedures (appointment_procedure_id, appointment_id, procedure_id, availed_at) values (2, 22, 5, '2/21/2024');
insert into appointment_procedures (appointment_procedure_id, appointment_id, procedure_id, availed_at) values (3, 16, 4, '7/10/2023');
insert into appointment_procedures (appointment_procedure_id, appointment_id, procedure_id, availed_at) values (4, 9, 2, '3/9/2023');
insert into appointment_procedures (appointment_procedure_id, appointment_id, procedure_id, availed_at) values (5, 25, 5, '1/23/2023');
insert into appointment_procedures (appointment_procedure_id, appointment_id, procedure_id, availed_at) values (6, 27, 6, '5/28/2023');
insert into appointment_procedures (appointment_procedure_id, appointment_id, procedure_id, availed_at) values (7, 4, 4, '9/5/2024');
insert into appointment_procedures (appointment_procedure_id, appointment_id, procedure_id, availed_at) values (8, 32, 4, '4/12/2024');
insert into appointment_procedures (appointment_procedure_id, appointment_id, procedure_id, availed_at) values (9, 39, 5, '3/14/2023');
insert into appointment_procedures (appointment_procedure_id, appointment_id, procedure_id, availed_at) values (10, 24, 2, '6/27/2024');
insert into appointment_procedures (appointment_procedure_id, appointment_id, procedure_id, availed_at) values (11, 15, 6, '2/2/2023');
insert into appointment_procedures (appointment_procedure_id, appointment_id, procedure_id, availed_at) values (12, 22, 3, '4/17/2023');
insert into appointment_procedures (appointment_procedure_id, appointment_id, procedure_id, availed_at) values (13, 12, 3, '6/27/2023');
insert into appointment_procedures (appointment_procedure_id, appointment_id, procedure_id, availed_at) values (14, 5, 2, '4/21/2024');
insert into appointment_procedures (appointment_procedure_id, appointment_id, procedure_id, availed_at) values (15, 2, 8, '9/1/2023');
insert into appointment_procedures (appointment_procedure_id, appointment_id, procedure_id, availed_at) values (16, 10, 2, '4/27/2024');
insert into appointment_procedures (appointment_procedure_id, appointment_id, procedure_id, availed_at) values (17, 27, 8, '2/6/2023');
insert into appointment_procedures (appointment_procedure_id, appointment_id, procedure_id, availed_at) values (18, 4, 1, '4/19/2024');
insert into appointment_procedures (appointment_procedure_id, appointment_id, procedure_id, availed_at) values (19, 34, 7, '7/31/2023');
insert into appointment_procedures (appointment_procedure_id, appointment_id, procedure_id, availed_at) values (20, 19, 5, '6/21/2024');
insert into appointment_procedures (appointment_procedure_id, appointment_id, procedure_id, availed_at) values (21, 18, 5, '1/13/2024');
insert into appointment_procedures (appointment_procedure_id, appointment_id, procedure_id, availed_at) values (22, 6, 5, '7/6/2024');
insert into appointment_procedures (appointment_procedure_id, appointment_id, procedure_id, availed_at) values (23, 11, 3, '4/12/2024');
insert into appointment_procedures (appointment_procedure_id, appointment_id, procedure_id, availed_at) values (24, 8, 6, '8/22/2023');
insert into appointment_procedures (appointment_procedure_id, appointment_id, procedure_id, availed_at) values (25, 5, 2, '2/10/2024');
insert into appointment_procedures (appointment_procedure_id, appointment_id, procedure_id, availed_at) values (26, 48, 8, '4/30/2024');
insert into appointment_procedures (appointment_procedure_id, appointment_id, procedure_id, availed_at) values (27, 29, 3, '6/23/2024');
insert into appointment_procedures (appointment_procedure_id, appointment_id, procedure_id, availed_at) values (28, 15, 7, '6/6/2024');
insert into appointment_procedures (appointment_procedure_id, appointment_id, procedure_id, availed_at) values (29, 2, 2, '10/16/2023');
insert into appointment_procedures (appointment_procedure_id, appointment_id, procedure_id, availed_at) values (30, 28, 3, '3/25/2023');
insert into appointment_procedures (appointment_procedure_id, appointment_id, procedure_id, availed_at) values (31, 25, 7, '6/28/2024');
insert into appointment_procedures (appointment_procedure_id, appointment_id, procedure_id, availed_at) values (32, 48, 2, '2/16/2024');
insert into appointment_procedures (appointment_procedure_id, appointment_id, procedure_id, availed_at) values (33, 34, 4, '3/18/2023');
insert into appointment_procedures (appointment_procedure_id, appointment_id, procedure_id, availed_at) values (34, 32, 8, '7/30/2024');
insert into appointment_procedures (appointment_procedure_id, appointment_id, procedure_id, availed_at) values (35, 32, 2, '1/2/2024');
insert into appointment_procedures (appointment_procedure_id, appointment_id, procedure_id, availed_at) values (36, 44, 1, '3/13/2023');
insert into appointment_procedures (appointment_procedure_id, appointment_id, procedure_id, availed_at) values (37, 45, 6, '8/1/2024');
insert into appointment_procedures (appointment_procedure_id, appointment_id, procedure_id, availed_at) values (38, 42, 5, '1/23/2023');
insert into appointment_procedures (appointment_procedure_id, appointment_id, procedure_id, availed_at) values (39, 20, 1, '2/26/2023');
insert into appointment_procedures (appointment_procedure_id, appointment_id, procedure_id, availed_at) values (40, 39, 2, '4/5/2023');
insert into appointment_procedures (appointment_procedure_id, appointment_id, procedure_id, availed_at) values (41, 48, 2, '3/18/2024');
insert into appointment_procedures (appointment_procedure_id, appointment_id, procedure_id, availed_at) values (42, 37, 7, '6/20/2023');
insert into appointment_procedures (appointment_procedure_id, appointment_id, procedure_id, availed_at) values (43, 23, 7, '12/14/2023');
insert into appointment_procedures (appointment_procedure_id, appointment_id, procedure_id, availed_at) values (44, 26, 2, '7/6/2024');
insert into appointment_procedures (appointment_procedure_id, appointment_id, procedure_id, availed_at) values (45, 13, 8, '1/16/2024');
insert into appointment_procedures (appointment_procedure_id, appointment_id, procedure_id, availed_at) values (46, 21, 6, '4/3/2023');
insert into appointment_procedures (appointment_procedure_id, appointment_id, procedure_id, availed_at) values (47, 44, 6, '8/18/2024');
insert into appointment_procedures (appointment_procedure_id, appointment_id, procedure_id, availed_at) values (48, 36, 2, '1/18/2023');
insert into appointment_procedures (appointment_procedure_id, appointment_id, procedure_id, availed_at) values (49, 24, 6, '12/14/2023');
insert into appointment_procedures (appointment_procedure_id, appointment_id, procedure_id, availed_at) values (50, 1, 2, '2/28/2023');